Journal name,JCR Abbreviation,ISSN,eISSN,Category,Total Citations,2022 JIF,JIF Quartile,2022 JCI,% of OA Gold
Annual Review of Entomology,ANNU REV ENTOMOL,0066-4170,1545-4487,ENTOMOLOGY - SCIE,"14,912",23.8,Q1,3.84,5.56%
Nature Ecology & Evolution,NAT ECOL EVOL,2397-334X,2397-334X,ECOLOGY - SCIE,"16,845",16.8,Q1,3.92,11.18%
Nature Ecology & Evolution,NAT ECOL EVOL,2397-334X,2397-334X,EVOLUTIONARY BIOLOGY - SCIE,"16,845",16.8,Q1,3.92,11.18%
TRENDS IN ECOLOGY & EVOLUTION,TRENDS ECOL EVOL,0169-5347,1872-8383,ECOLOGY - SCIE,"39,957",16.8,Q1,1.89,27.80%
TRENDS IN ECOLOGY & EVOLUTION,TRENDS ECOL EVOL,0169-5347,1872-8383,EVOLUTIONARY BIOLOGY - SCIE,"39,957",16.8,Q1,1.89,27.80%
Annual Review of Ecology Evolution and Systematics,ANNU REV ECOL EVOL S,1543-592X,1545-2069,ECOLOGY - SCIE,"21,855",11.8,Q1,1.23,0%
Annual Review of Ecology Evolution and Systematics,ANNU REV ECOL EVOL S,1543-592X,1545-2069,EVOLUTIONARY BIOLOGY - SCIE,"21,855",11.8,Q1,1.23,0%
Physics of Life Reviews,PHYS LIFE REV,1571-0645,1873-1457,BIOLOGY - SCIE,"1,950",11.7,Q1,1.33,23.08%
GLOBAL CHANGE BIOLOGY,GLOBAL CHANGE BIOL,1354-1013,1365-2486,ECOLOGY - SCIE,"67,135",11.6,Q1,2.42,28.88%
ISME Journal,ISME J,1751-7362,1751-7370,ECOLOGY - SCIE,"40,061",11,Q1,2.56,64.18%
MOLECULAR BIOLOGY AND EVOLUTION,MOL BIOL EVOL,0737-4038,1537-1719,EVOLUTIONARY BIOLOGY - SCIE,"64,994",10.7,Q1,2.19,82.48%
FRONTIERS IN ECOLOGY AND THE ENVIRONMENT,FRONT ECOL ENVIRON,1540-9295,1540-9309,ECOLOGY - SCIE,"13,393",10.3,Q1,1.84,47.09%
BIOSCIENCE,BIOSCIENCE,0006-3568,1525-3244,BIOLOGY - SCIE,"21,513",10.1,Q1,2.32,37.96%
BIOLOGICAL REVIEWS,BIOL REV,1464-7931,1469-185X,BIOLOGY - SCIE,"18,737",10,Q1,2.63,32.96%
PLOS BIOLOGY,PLOS BIOL,1544-9173,1545-7885,BIOLOGY - SCIE,"41,783",9.8,Q1,1.97,98.31%
CURRENT BIOLOGY,CURR BIOL,0960-9822,1879-0445,BIOLOGY - SCIE,"79,963",9.2,Q1,1.63,34.84%
LANDSCAPE AND URBAN PLANNING,LANDSCAPE URBAN PLAN,0169-2046,1872-6062,ECOLOGY - SCIE,"28,597",9.1,Q1,2.26,31.88%
Science China-Life Sciences,SCI CHINA LIFE SCI,1674-7305,1869-1889,BIOLOGY - SCIE,"7,523",9.1,Q1,1.77,1.04%
ECOLOGY LETTERS,ECOL LETT,1461-023X,1461-0248,ECOLOGY - SCIE,"39,640",8.8,Q1,2.08,27.90%
eLife,ELIFE,2050-084X,2050-084X,BIOLOGY - SCIE,"94,866",7.7,Q1,2.07,99.45%
COMPUTERS IN BIOLOGY AND MEDICINE,COMPUT BIOL MED,0010-4825,1879-0534,BIOLOGY - SCIE,"21,417",7.7,Q1,1.62,12.40%
Molecular Ecology Resources,MOL ECOL RESOUR,1755-098X,1755-0998,ECOLOGY - SCIE,"14,787",7.7,Q1,1.62,26.17%
Molecular Ecology Resources,MOL ECOL RESOUR,1755-098X,1755-0998,EVOLUTIONARY BIOLOGY - SCIE,"14,787",7.7,Q1,1.62,26.17%
Ecosystem Services,ECOSYST SERV,2212-0416,2212-0416,ECOLOGY - SCIE,"11,024",7.6,Q1,1.37,31.62%
ECOLOGICAL ECONOMICS,ECOL ECON,0921-8009,1873-6106,ECOLOGY - SCIE,"36,381",7,Q1,1.56,26.49%
ENTOMOLOGIA GENERALIS,ENTOMOL GEN,0171-8177,2363-7102,ENTOMOLOGY - SCIE,"1,218",6.9,Q1,2.67,0%
BIOLOGICAL RESEARCH,BIOL RES,0716-9760,0717-6287,BIOLOGY - SCIE,"3,442",6.7,Q1,1.5,99.25%
Methods in Ecology and Evolution,METHODS ECOL EVOL,2041-210X,2041-2096,ECOLOGY - SCIE,"23,860",6.6,Q1,1.76,40.18%
AGRICULTURE ECOSYSTEMS & ENVIRONMENT,AGR ECOSYST ENVIRON,0167-8809,1873-2305,ECOLOGY - SCIE,"33,665",6.6,Q1,1.69,14.26%
Systematic Biology,SYST BIOL,1063-5157,1076-836X,EVOLUTIONARY BIOLOGY - SCIE,"19,649",6.5,Q1,2.06,38.82%
QUARTERLY REVIEW OF BIOLOGY,Q REV BIOL,0033-5770,1539-7718,BIOLOGY - SCIE,"4,280",6.5,Q1,0.72,21.05%
GLOBAL ECOLOGY AND BIOGEOGRAPHY,GLOBAL ECOL BIOGEOGR,1466-822X,1466-8238,ECOLOGY - SCIE,"17,660",6.4,Q1,1.59,21.88%
PHILOSOPHICAL TRANSACTIONS OF THE ROYAL SOCIETY B-BIOLOGICAL SCIENCES,PHILOS T R SOC B,0962-8436,1471-2970,BIOLOGY - SCIE,"57,331",6.3,Q1,1.47,36.50%
CONSERVATION BIOLOGY,CONSERV BIOL,0888-8892,1523-1739,ECOLOGY - SCIE,"23,293",6.3,Q1,1.44,35.86%
ECOLOGICAL MONOGRAPHS,ECOL MONOGR,0012-9615,1557-7015,ECOLOGY - SCIE,"12,404",6.1,Q1,2.02,28.78%
People and Nature,PEOPLE NAT,N/A,2575-8314,ECOLOGY - SCIE,"1,722",6.1,Q1,1.57,75.87%
Communications Biology,COMMUN BIOL,N/A,2399-3642,BIOLOGY - SCIE,"18,298",5.9,Q1,1.64,99.85%
ECOGRAPHY,ECOGRAPHY,0906-7590,1600-0587,ECOLOGY - SCIE,"17,205",5.9,Q1,1.49,79.87%
BIOLOGICAL CONSERVATION,BIOL CONSERV,0006-3207,1873-2917,ECOLOGY - SCIE,"39,641",5.9,Q1,1.42,20.23%
JOURNAL OF APPLIED ECOLOGY,J APPL ECOL,0021-8901,1365-2664,ECOLOGY - SCIE,"25,995",5.7,Q1,1.36,32.86%
INTERNATIONAL JOURNAL OF SUSTAINABLE DEVELOPMENT AND WORLD ECOLOGY,INT J SUST DEV WORLD,1350-4509,1745-2627,ECOLOGY - SCIE,"3,610",5.6,Q1,0.97,11.06%
JOURNAL OF ECOLOGY,J ECOL,0022-0477,1365-2745,ECOLOGY - SCIE,"24,903",5.5,Q1,1.46,29.80%
BioScience Trends,BIOSCI TRENDS,1881-7815,1881-7823,BIOLOGY - SCIE,"2,080",5.5,Q1,1.36,100%
Biology Direct,BIOL DIRECT,N/A,1745-6150,BIOLOGY - SCIE,"2,372",5.5,Q1,1.26,97.92%
Remote Sensing in Ecology and Conservation,REMOTE SENS ECOL CON,N/A,2056-3485,ECOLOGY - SCIE,"1,390",5.5,Q1,1.23,74.43%
BMC BIOLOGY,BMC BIOL,N/A,1741-7007,BIOLOGY - SCIE,"10,390",5.4,Q1,1.52,99.72%
Current Opinion in Insect Science,CURR OPIN INSECT SCI,2214-5745,2214-5753,BIOLOGY - SCIE,"4,512",5.3,Q1,1.36,19.43%
Current Opinion in Insect Science,CURR OPIN INSECT SCI,2214-5745,2214-5753,ECOLOGY - SCIE,"4,512",5.3,Q1,1.36,19.43%
Current Opinion in Insect Science,CURR OPIN INSECT SCI,2214-5745,2214-5753,ENTOMOLOGY - SCIE,"4,512",5.3,Q1,1.36,19.43%
Ecosystems and People,ECOSYST PEOPLE,N/A,2639-5916,ECOLOGY - ESCI,510,5.3,N/A,0.98,98.25%
FUNCTIONAL ECOLOGY,FUNCT ECOL,0269-8463,1365-2435,ECOLOGY - SCIE,"21,258",5.2,Q1,1.31,23.73%
LANDSCAPE ECOLOGY,LANDSCAPE ECOL,0921-2973,1572-9761,ECOLOGY - SCIE,"13,530",5.2,Q1,1.18,29.84%
Ecological Informatics,ECOL INFORM,1574-9541,1878-0512,ECOLOGY - SCIE,"5,486",5.1,Q1,1.37,11.28%
Journal of Insects as Food and Feed,J INSECTS FOOD FEED,N/A,2352-4588,ENTOMOLOGY - SCIE,"1,810",5.1,Q1,1.34,0%
NeoBiota,NEOBIOTA,1619-0033,1314-2488,ECOLOGY - SCIE,"1,506",5.1,Q1,1.34,95.81%
Fire Ecology,FIRE ECOL,1933-9747,1933-9747,ECOLOGY - SCIE,"1,394",5.1,Q1,1.31,100%
Plants People Planet,PLANTS PEOPLE PLANET,N/A,2572-2611,ECOLOGY - SCIE,980,5.1,Q1,1.13,88.64%
BIOELECTROCHEMISTRY,BIOELECTROCHEMISTRY,1567-5394,1878-562X,BIOLOGY - SCIE,"7,086",5,Q1,1.18,11.91%
ECOLOGICAL APPLICATIONS,ECOL APPL,1051-0761,1939-5582,ECOLOGY - SCIE,"22,932",5,Q1,1.13,24.56%
Evolution Letters,EVOL LETT,N/A,2056-3744,EVOLUTIONARY BIOLOGY - SCIE,"1,129",5,Q1,1.09,64.93%
MOLECULAR ECOLOGY,MOL ECOL,0962-1083,1365-294X,ECOLOGY - SCIE,"40,824",4.9,Q1,1.25,26.98%
MOLECULAR ECOLOGY,MOL ECOL,0962-1083,1365-294X,EVOLUTIONARY BIOLOGY - SCIE,"40,824",4.9,Q1,1.25,26.98%
Biogeosciences,BIOGEOSCIENCES,1726-4170,1726-4189,ECOLOGY - SCIE,"24,290",4.9,Q1,1.21,99.18%
MAMMAL REVIEW,MAMMAL REV,0305-1838,1365-2907,ECOLOGY - SCIE,"2,967",4.9,Q1,1.05,22.31%
Ecosystem Health and Sustainability,ECOSYST HEALTH SUST,2096-4129,2332-8878,ECOLOGY - SCIE,"1,125",4.9,Q1,0.78,94.74%
JOURNAL OF PEST SCIENCE,J PEST SCI,1612-4758,1612-4766,ENTOMOLOGY - SCIE,"5,453",4.8,Q1,2.19,23.69%
JOURNAL OF ANIMAL ECOLOGY,J ANIM ECOL,0021-8790,1365-2656,ECOLOGY - SCIE,"19,200",4.8,Q1,1.86,26.35%
SYSTEMATIC ENTOMOLOGY,SYST ENTOMOL,0307-6970,1365-3113,ENTOMOLOGY - SCIE,"3,263",4.8,Q1,1.64,17.88%
SYSTEMATIC ENTOMOLOGY,SYST ENTOMOL,0307-6970,1365-3113,EVOLUTIONARY BIOLOGY - SCIE,"3,263",4.8,Q1,1.64,17.88%
ECOLOGY,ECOLOGY,0012-9658,1939-9170,ECOLOGY - SCIE,"63,530",4.8,Q1,1.3,17.87%
FASEB JOURNAL,FASEB J,0892-6638,1530-6860,BIOLOGY - SCIE,"54,965",4.8,Q1,0.93,25.61%
Ecological Processes,ECOL PROCESS,N/A,2192-1709,ECOLOGY - SCIE,"1,882",4.8,Q1,0.85,99.50%
Pesticide Biochemistry and Physiology,PESTIC BIOCHEM PHYS,0048-3575,1095-9939,ENTOMOLOGY - SCIE,"9,292",4.7,Q1,1.52,3.75%
PROCEEDINGS OF THE ROYAL SOCIETY B-BIOLOGICAL SCIENCES,P ROY SOC B-BIOL SCI,0962-8452,1471-2954,BIOLOGY - SCIE,"60,568",4.7,Q1,1.22,41.50%
PROCEEDINGS OF THE ROYAL SOCIETY B-BIOLOGICAL SCIENCES,P ROY SOC B-BIOL SCI,0962-8452,1471-2954,ECOLOGY - SCIE,"60,568",4.7,Q1,1.22,41.50%
PROCEEDINGS OF THE ROYAL SOCIETY B-BIOLOGICAL SCIENCES,P ROY SOC B-BIOL SCI,0962-8452,1471-2954,EVOLUTIONARY BIOLOGY - SCIE,"60,568",4.7,Q1,1.22,41.50%
DIVERSITY AND DISTRIBUTIONS,DIVERS DISTRIB,1366-9516,1472-4642,ECOLOGY - SCIE,"11,496",4.6,Q1,1.29,75.05%
EXCLI Journal,EXCLI J,1611-2156,1611-2156,BIOLOGY - SCIE,"3,428",4.6,Q1,0.82,0%
WILDLIFE MONOGRAPHS,WILDLIFE MONOGR,0084-0173,1938-5455,ECOLOGY - SCIE,876,4.4,Q1,2.12,33.33%
Life Science Alliance,LIFE SCI ALLIANCE,N/A,2575-1077,BIOLOGY - SCIE,"2,684",4.4,Q1,1.29,98.59%
SAUDI JOURNAL OF BIOLOGICAL SCIENCES,SAUDI J BIOL SCI,1319-562X,2213-7106,BIOLOGY - SCIE,"13,661",4.4,Q1,1.09,97.28%
Interface Focus,INTERFACE FOCUS,2042-8898,2042-8901,BIOLOGY - SCIE,"3,265",4.4,Q1,0.97,48.37%
MATHEMATICAL BIOSCIENCES,MATH BIOSCI,0025-5564,1879-3134,BIOLOGY - SCIE,"7,286",4.3,Q2,0.88,13.86%
BIOLOGICAL CONTROL,BIOL CONTROL,1049-9644,1090-2112,ENTOMOLOGY - SCIE,"11,318",4.2,Q1,1.32,9.58%
ASTROBIOLOGY,ASTROBIOLOGY,1531-1074,1557-8070,BIOLOGY - SCIE,"5,520",4.2,Q2,1,28%
Biology-Basel,BIOLOGY-BASEL,N/A,2079-7737,BIOLOGY - SCIE,"11,782",4.2,Q2,0.93,99.48%
EUROPEAN JOURNAL OF SOIL BIOLOGY,EUR J SOIL BIOL,1164-5563,1778-3615,ECOLOGY - SCIE,"4,623",4.2,Q1,0.92,8.29%
PEST MANAGEMENT SCIENCE,PEST MANAG SCI,1526-498X,1526-4998,ENTOMOLOGY - SCIE,"19,709",4.1,Q1,1.54,9.41%
Myrmecological News,MYRMECOL NEWS,1994-4136,N/A,ENTOMOLOGY - SCIE,786,4.1,Q1,1.27,0%
MOLECULAR PHYLOGENETICS AND EVOLUTION,MOL PHYLOGENET EVOL,1055-7903,1095-9513,EVOLUTIONARY BIOLOGY - SCIE,"21,268",4.1,Q1,1.08,14.18%
Evolutionary Applications,EVOL APPL,1752-4571,1752-4571,EVOLUTIONARY BIOLOGY - SCIE,"6,539",4.1,Q1,1.04,75.49%
Movement Ecology,MOV ECOL,2051-3933,2051-3933,ECOLOGY - SCIE,"1,439",4.1,Q2,1.03,100%
ECOLOGY AND SOCIETY,ECOL SOC,1708-3087,N/A,ECOLOGY - SCIE,"14,451",4.1,Q2,0.93,98.77%
EvoDevo,EVODEVO,N/A,2041-9139,EVOLUTIONARY BIOLOGY - SCIE,904,4.1,Q1,0.69,100%
Insect Science,INSECT SCI,1672-9609,1744-7917,ENTOMOLOGY - SCIE,"3,913",4,Q1,1.62,18.64%
Global Ecology and Conservation,GLOB ECOL CONSERV,N/A,2351-9894,ECOLOGY - SCIE,"8,634",4,Q2,0.97,96.43%
Soil Ecology Letters,SOIL ECOL LETT,2662-2289,2662-2297,ECOLOGY - ESCI,477,4,N/A,0.89,6.03%
BIOESSAYS,BIOESSAYS,0265-9247,1521-1878,BIOLOGY - SCIE,"10,991",4,Q2,0.75,36.17%
JOURNAL OF BIOGEOGRAPHY,J BIOGEOGR,0305-0270,1365-2699,ECOLOGY - SCIE,"17,967",3.9,Q2,1.08,21.16%
JOURNAL OF MOLECULAR EVOLUTION,J MOL EVOL,0022-2844,1432-1432,EVOLUTIONARY BIOLOGY - SCIE,"8,200",3.9,Q2,0.57,28.47%
JOURNAL OF SOIL AND WATER CONSERVATION,J SOIL WATER CONSERV,0022-4561,1941-3300,ECOLOGY - SCIE,"5,588",3.9,Q2,0.56,1.52%
INSECT BIOCHEMISTRY AND MOLECULAR BIOLOGY,INSECT BIOCHEM MOLEC,0965-1748,1879-0240,ENTOMOLOGY - SCIE,"9,631",3.8,Q1,1.33,9.79%
BASIC AND APPLIED ECOLOGY,BASIC APPL ECOL,1439-1791,1618-0089,ECOLOGY - SCIE,"4,326",3.8,Q2,0.99,47.16%
HEREDITY,HEREDITY,0018-067X,1365-2540,ECOLOGY - SCIE,"10,093",3.8,Q2,0.86,37.58%
HEREDITY,HEREDITY,0018-067X,1365-2540,EVOLUTIONARY BIOLOGY - SCIE,"10,093",3.8,Q2,0.86,37.58%
ECOLOGICAL ENGINEERING,ECOL ENG,0925-8574,1872-6992,ECOLOGY - SCIE,"23,129",3.8,Q2,0.71,9.83%
Emerging Topics in Life Sciences,EMERG TOP LIFE SCI,2397-8554,2397-8562,BIOLOGY - ESCI,"1,057",3.8,N/A,0.42,44.77%
ECOSYSTEMS,ECOSYSTEMS,1432-9840,1435-0629,ECOLOGY - SCIE,"11,304",3.7,Q2,1,27.75%
Geobiology,GEOBIOLOGY,1472-4677,1472-4669,BIOLOGY - SCIE,"2,719",3.7,Q2,0.89,24.18%
Evolution Medicine and Public Health,EVOL MED PUBLIC HLTH,N/A,2050-6201,EVOLUTIONARY BIOLOGY - SCIE,926,3.7,Q2,0.8,96.26%
CLADISTICS,CLADISTICS,0748-3007,1096-0031,EVOLUTIONARY BIOLOGY - SCIE,"3,957",3.6,Q2,1.58,11.21%
MICROBIAL ECOLOGY,MICROB ECOL,0095-3628,1432-184X,ECOLOGY - SCIE,"14,050",3.6,Q2,1.03,17.66%
PERSPECTIVES IN PLANT ECOLOGY EVOLUTION AND SYSTEMATICS,PERSPECT PLANT ECOL,1433-8319,1433-8319,ECOLOGY - SCIE,"2,704",3.6,Q2,0.83,11.76%
Insect Conservation and Diversity,INSECT CONSERV DIVER,1752-458X,1752-4598,ENTOMOLOGY - SCIE,"1,923",3.5,Q1,1.28,26.61%
JOURNAL OF BIOLOGICAL RHYTHMS,J BIOL RHYTHM,0748-7304,1552-4531,BIOLOGY - SCIE,"4,083",3.5,Q2,0.91,27.52%
BULLETIN OF MATHEMATICAL BIOLOGY,B MATH BIOL,0092-8240,1522-9602,BIOLOGY - SCIE,"5,905",3.5,Q2,0.85,28%
Ecological Complexity,ECOL COMPLEX,1476-945X,1476-9840,ECOLOGY - SCIE,"2,513",3.5,Q2,0.85,6.30%
Insect Systematics and Diversity,INSECT SYST DIVER,N/A,2399-3421,ENTOMOLOGY - SCIE,345,3.4,Q1,1.33,23.68%
BULLETIN OF THE AMERICAN MUSEUM OF NATURAL HISTORY,B AM MUS NAT HIST,0003-0090,1937-3546,ECOLOGY - SCIE,"2,715",3.4,Q2,1.09,0%
OIKOS,OIKOS,0030-1299,1600-0706,ECOLOGY - SCIE,"22,788",3.4,Q2,0.97,23.52%
ANIMAL CONSERVATION,ANIM CONSERV,1367-9430,1469-1795,ECOLOGY - SCIE,"4,162",3.4,Q2,0.83,19.39%
BMC EVOLUTIONARY BIOLOGY,BMC EVOL BIOL,1471-2148,1471-2148,EVOLUTIONARY BIOLOGY - SCIE,"13,156",3.4,Q2,0.79,99.38%
BIODIVERSITY AND CONSERVATION,BIODIVERS CONSERV,0960-3115,1572-9710,ECOLOGY - SCIE,"14,293",3.4,Q2,0.75,31.16%
RADIATION RESEARCH,RADIAT RES,0033-7587,1938-5404,BIOLOGY - SCIE,"9,234",3.4,Q2,0.75,0.30%
TAXON,TAXON,0040-0262,1996-8175,EVOLUTIONARY BIOLOGY - SCIE,"5,948",3.4,Q2,0.6,17.52%
EVOLUTION,EVOLUTION,0014-3820,1558-5646,ECOLOGY - SCIE,"29,351",3.3,Q2,0.95,23.58%
EVOLUTION,EVOLUTION,0014-3820,1558-5646,EVOLUTIONARY BIOLOGY - SCIE,"29,351",3.3,Q2,0.95,23.58%
Genome Biology and Evolution,GENOME BIOL EVOL,1759-6653,1759-6653,EVOLUTIONARY BIOLOGY - SCIE,"9,396",3.3,Q2,0.87,95.55%
Biology Letters,BIOL LETTERS,1744-9561,1744-957X,BIOLOGY - SCIE,"12,045",3.3,Q2,0.86,32.40%
Biology Letters,BIOL LETTERS,1744-9561,1744-957X,ECOLOGY - SCIE,"12,045",3.3,Q2,0.86,32.40%
Biology Letters,BIOL LETTERS,1744-9561,1744-957X,EVOLUTIONARY BIOLOGY - SCIE,"12,045",3.3,Q2,0.86,32.40%
Journal of Biological Research-Thessaloniki,J BIOL RES-THESSALON,1790-045X,2241-5793,BIOLOGY - SCIE,595,3.3,Q2,0.69,74.07%
Arctic Science,ARCT SCI,N/A,2368-7460,ECOLOGY - SCIE,673,3.3,Q2,0.67,96.40%
JOURNAL OF HUMAN EVOLUTION,J HUM EVOL,0047-2484,1095-8606,EVOLUTIONARY BIOLOGY - SCIE,"9,575",3.2,Q2,1.59,8.70%
Fire-Switzerland,FIRE-BASEL,2571-6255,2571-6255,ECOLOGY - SCIE,"1,202",3.2,Q2,1.03,99.47%
Frontiers in Forests and Global Change,FRONT FOR GLOB CHANG,N/A,2624-893X,ECOLOGY - SCIE,"1,856",3.2,Q2,1.02,99.04%
RESTORATION ECOLOGY,RESTOR ECOL,1061-2971,1526-100X,ECOLOGY - SCIE,"7,917",3.2,Q2,0.83,19.19%
Scientifica,SCIENTIFICA,2090-908X,2090-908X,BIOLOGY - ESCI,"2,228",3.2,N/A,0.71,98.68%
Life-Basel,LIFE-BASEL,N/A,2075-1729,BIOLOGY - SCIE,"8,915",3.2,Q2,0.64,99.56%
Synthetic Biology,SYN BIOL,N/A,2397-7000,BIOLOGY - SCIE,354,3.2,Q2,0.63,96%
ECOLOGICAL MODELLING,ECOL MODEL,0304-3800,1872-7026,ECOLOGY - SCIE,"21,705",3.1,Q2,0.83,18.26%
JOURNAL OF HEREDITY,J HERED,0022-1503,1465-7333,EVOLUTIONARY BIOLOGY - SCIE,"6,324",3.1,Q2,0.76,35.53%
COMPUTATIONAL BIOLOGY AND CHEMISTRY,COMPUT BIOL CHEM,1476-9271,1476-928X,BIOLOGY - SCIE,"3,487",3.1,Q2,0.71,4.30%
Insects,INSECTS,N/A,2075-4450,ENTOMOLOGY - SCIE,"10,347",3,Q1,1.25,99.65%
Frontiers in Ecology and Evolution,FRONT ECOL EVOL,2296-701X,2296-701X,ECOLOGY - SCIE,"10,203",3,Q2,0.74,99.30%
JOURNAL OF ETHNOBIOLOGY,J ETHNOBIOL,0278-0771,2162-4496,BIOLOGY - SCIE,951,2.9,Q2,1.1,0%
Fungal Ecology,FUNGAL ECOL,1754-5048,1878-0083,ECOLOGY - SCIE,"3,800",2.9,Q2,0.99,13.23%
AMERICAN NATURALIST,AM NAT,0003-0147,1537-5323,ECOLOGY - SCIE,"27,807",2.9,Q2,0.95,19.82%
AMERICAN NATURALIST,AM NAT,0003-0147,1537-5323,EVOLUTIONARY BIOLOGY - SCIE,"27,807",2.9,Q2,0.95,19.82%
AMERICAN JOURNAL OF HUMAN BIOLOGY,AM J HUM BIOL,1042-0533,1520-6300,BIOLOGY - SCIE,"4,562",2.9,Q2,0.91,10.23%
AoB Plants,AOB PLANTS,2041-2851,2041-2851,ECOLOGY - SCIE,"2,914",2.9,Q2,0.75,95.69%
BIOLOGICAL INVASIONS,BIOL INVASIONS,1387-3547,1573-1464,ECOLOGY - SCIE,"11,722",2.9,Q2,0.75,26.22%
Ecological Solutions and Evidence,ECOL SOLUT EVID,N/A,2688-8319,ECOLOGY - ESCI,335,2.9,N/A,0.69,77.91%
URBAN ECOSYSTEMS,URBAN ECOSYST,1083-8155,1573-1642,ECOLOGY - SCIE,"4,585",2.9,Q2,0.69,22.33%
EVOLUTION & DEVELOPMENT,EVOL DEV,1520-541X,1525-142X,EVOLUTIONARY BIOLOGY - SCIE,"1,838",2.9,Q2,0.66,23.26%
JOURNAL OF BIOSCIENCES,J BIOSCIENCES,0250-5991,0973-7138,BIOLOGY - SCIE,"3,995",2.9,Q2,0.55,0.30%
Journal of Integrated Pest Management,J INTEGR PEST MANAG,N/A,2155-7470,ENTOMOLOGY - SCIE,938,2.8,Q1,1.15,92%
AMERICAN JOURNAL OF PHYSICAL ANTHROPOLOGY,AM J PHYS ANTHROPOL,0002-9483,1096-8644,EVOLUTIONARY BIOLOGY - SCIE,"13,764",2.8,Q3,1.1,13.18%
JOURNAL OF VEGETATION SCIENCE,J VEG SCI,1100-9233,1654-1103,ECOLOGY - SCIE,"9,139",2.8,Q2,0.89,18.37%
APPLIED VEGETATION SCIENCE,APPL VEG SCI,1402-2001,1654-109X,ECOLOGY - SCIE,"2,787",2.8,Q2,0.85,21.37%
CHRONOBIOLOGY INTERNATIONAL,CHRONOBIOL INT,0742-0528,1525-6073,BIOLOGY - SCIE,"7,764",2.8,Q2,0.8,8.48%
JOURNAL OF EXPERIMENTAL BIOLOGY,J EXP BIOL,0022-0949,1477-9145,BIOLOGY - SCIE,"36,707",2.8,Q2,0.77,53.30%
Journal of Biological Dynamics,J BIOL DYNAM,1751-3758,1751-3766,ECOLOGY - SCIE,"1,126",2.8,Q2,0.64,99.14%
JOURNAL OF STORED PRODUCTS RESEARCH,J STORED PROD RES,0022-474X,1879-1212,ENTOMOLOGY - SCIE,"4,719",2.7,Q1,1.23,4.49%
JOURNAL OF THERMAL BIOLOGY,J THERM BIOL,0306-4565,1879-0992,BIOLOGY - SCIE,"6,989",2.7,Q2,1.11,6.61%
PALEOBIOLOGY,PALEOBIOLOGY,0094-8373,1938-5331,ECOLOGY - SCIE,"3,898",2.7,Q2,0.97,57.26%
PALEOBIOLOGY,PALEOBIOLOGY,0094-8373,1938-5331,EVOLUTIONARY BIOLOGY - SCIE,"3,898",2.7,Q3,0.97,57.26%
BIOMETRIKA,BIOMETRIKA,0006-3444,1464-3510,BIOLOGY - SCIE,"27,499",2.7,Q2,0.92,9.27%
FRESHWATER BIOLOGY,FRESHWATER BIOL,0046-5070,1365-2427,ECOLOGY - SCIE,"14,924",2.7,Q2,0.85,20.04%
Ecosphere,ECOSPHERE,2150-8925,2150-8925,ECOLOGY - SCIE,"12,408",2.7,Q2,0.81,63.67%
ORYX,ORYX,0030-6053,1365-3008,ECOLOGY - SCIE,"4,444",2.7,Q2,0.78,73.09%
OECOLOGIA,OECOLOGIA,0029-8549,1432-1939,ECOLOGY - SCIE,"33,109",2.7,Q2,0.77,25.76%
CRYOBIOLOGY,CRYOBIOLOGY,0011-2240,1090-2392,BIOLOGY - SCIE,"5,687",2.7,Q2,0.76,9.24%
Animal Biotelemetry,ANIM BIOTELEM,N/A,2050-3385,ECOLOGY - SCIE,814,2.7,Q2,0.74,100%
Conservation Physiology,CONSERV PHYSIOL,2051-1434,2051-1434,ECOLOGY - SCIE,"2,330",2.7,Q2,0.7,92.69%
Journal of Arid Environments,J ARID ENVIRON,0140-1963,1095-922X,ECOLOGY - SCIE,"10,784",2.7,Q2,0.65,6.74%
Journal of Plant Ecology,J PLANT ECOL,1752-9921,1752-993X,ECOLOGY - SCIE,"2,964",2.7,Q2,0.65,36.59%
ECOTOXICOLOGY,ECOTOXICOLOGY,0963-9292,1573-3017,ECOLOGY - SCIE,"7,173",2.7,Q2,0.62,9.38%
YALE JOURNAL OF BIOLOGY AND MEDICINE,YALE J BIOL MED,0044-0086,1551-4056,BIOLOGY - SCIE,"2,987",2.7,Q2,0.47,0%
JOURNAL OF SYSTEMATIC PALAEONTOLOGY,J SYST PALAEONTOL,1477-2019,1478-0941,EVOLUTIONARY BIOLOGY - SCIE,"1,599",2.6,Q3,0.96,7.74%
INSECT MOLECULAR BIOLOGY,INSECT MOL BIOL,0962-1075,1365-2583,ENTOMOLOGY - SCIE,"3,767",2.6,Q1,0.85,10.75%
INTERNATIONAL JOURNAL OF RADIATION BIOLOGY,INT J RADIAT BIOL,0955-3002,1362-3095,BIOLOGY - SCIE,"6,356",2.6,Q2,0.8,13.32%
Evolutionary Human Sciences,EVOL HUM SCI,N/A,2513-843X,EVOLUTIONARY BIOLOGY - ESCI,360,2.6,N/A,0.76,99.36%
ECOHYDROLOGY & HYDROBIOLOGY,ECOHYDROL HYDROBIOL,1642-3593,2080-3397,ECOLOGY - SCIE,"1,184",2.6,Q3,0.73,4.02%
Ecology and Evolution,ECOL EVOL,2045-7758,2045-7758,ECOLOGY - SCIE,"24,505",2.6,Q3,0.69,64.16%
Ecology and Evolution,ECOL EVOL,2045-7758,2045-7758,EVOLUTIONARY BIOLOGY - SCIE,"24,505",2.6,Q3,0.69,64.16%
Ecohydrology,ECOHYDROLOGY,1936-0584,1936-0592,ECOLOGY - SCIE,"3,910",2.6,Q3,0.61,11.78%
Evolutionary Bioinformatics,EVOL BIOINFORM,1176-9343,1176-9343,EVOLUTIONARY BIOLOGY - SCIE,"1,272",2.6,Q3,0.52,94.17%
MICROSCOPY RESEARCH AND TECHNIQUE,MICROSC RES TECHNIQ,1059-910X,1097-0029,BIOLOGY - SCIE,"7,232",2.5,Q3,1.15,2.97%
ZOOLOGICA SCRIPTA,ZOOL SCR,0300-3256,1463-6409,EVOLUTIONARY BIOLOGY - SCIE,"2,415",2.5,Q3,1.13,13.50%
BIOCONTROL,BIOCONTROL,1386-6141,1573-8248,ENTOMOLOGY - SCIE,"3,366",2.5,Q1,0.99,10.99%
MARINE ECOLOGY PROGRESS SERIES,MAR ECOL PROG SER,0171-8630,1616-1599,ECOLOGY - SCIE,"38,161",2.5,Q3,0.83,21.39%
Evolutionary Biology,EVOL BIOL,0071-3260,1934-2845,EVOLUTIONARY BIOLOGY - SCIE,"1,728",2.5,Q3,0.66,26.53%
Life Sciences in Space Research,LIFE SCI SPACE RES,2214-5524,2214-5532,BIOLOGY - SCIE,803,2.5,Q3,0.53,23.08%
CHEMISTRY AND ECOLOGY,CHEM ECOL,0275-7540,1029-0370,ECOLOGY - SCIE,"1,654",2.5,Q3,0.44,0%
APIDOLOGIE,APIDOLOGIE,0044-8435,1297-9678,ENTOMOLOGY - SCIE,"5,519",2.4,Q1,1.03,31.73%
BEHAVIORAL ECOLOGY,BEHAV ECOL,1045-2249,1465-7279,ECOLOGY - SCIE,"10,247",2.4,Q3,0.91,17.38%
Egyptian Journal of Biological Pest Control,EGYPT J BIOL PEST CO,1110-1768,2536-9342,ENTOMOLOGY - SCIE,"1,560",2.4,Q1,0.9,99.77%
JOURNAL OF PESTICIDE SCIENCE,J PESTIC SCI,1348-589X,1349-0923,ENTOMOLOGY - SCIE,"1,261",2.4,Q1,0.78,99.06%
Biology Open,BIOL OPEN,2046-6390,2046-6390,BIOLOGY - SCIE,"4,123",2.4,Q3,0.64,99.76%
Diversity-Basel,DIVERSITY-BASEL,N/A,1424-2818,ECOLOGY - SCIE,"5,249",2.4,Q3,0.63,99.69%
DEVELOPMENT GENES AND EVOLUTION,DEV GENES EVOL,0949-944X,1432-041X,EVOLUTIONARY BIOLOGY - SCIE,"1,660",2.4,Q3,0.42,40.74%
Palaeoentomology,PALAEOENTOMOLOGY,2624-2826,2624-2834,ENTOMOLOGY - ESCI,536,2.3,N/A,1.04,0%
BEHAVIORAL ECOLOGY AND SOCIOBIOLOGY,BEHAV ECOL SOCIOBIOL,0340-5443,1432-0762,ECOLOGY - SCIE,"12,497",2.3,Q3,0.95,33.98%
ANNALS OF THE ENTOMOLOGICAL SOCIETY OF AMERICA,ANN ENTOMOL SOC AM,0013-8746,1938-2901,ENTOMOLOGY - SCIE,"5,873",2.3,Q1,0.94,20.75%
JOURNAL OF WILDLIFE MANAGEMENT,J WILDLIFE MANAGE,0022-541X,1937-2817,ECOLOGY - SCIE,"11,668",2.3,Q3,0.91,19.86%
BRAZILIAN JOURNAL OF MEDICAL AND BIOLOGICAL RESEARCH,BRAZ J MED BIOL RES,0100-879X,1414-431X,BIOLOGY - SCIE,"6,366",2.3,Q3,0.6,92.55%
JOURNAL OF CHEMICAL ECOLOGY,J CHEM ECOL,0098-0331,1573-1561,ECOLOGY - SCIE,"10,826",2.3,Q3,0.57,24.53%
Rangeland Ecology & Management,RANGELAND ECOL MANAG,1550-7424,1551-5028,ECOLOGY - SCIE,"3,185",2.3,Q3,0.55,22.44%
PEDOBIOLOGIA,PEDOBIOLOGIA,0031-4056,1873-1511,ECOLOGY - SCIE,"2,695",2.3,Q3,0.53,9.02%
JOURNAL OF ECONOMIC ENTOMOLOGY,J ECON ENTOMOL,0022-0493,1938-291X,ENTOMOLOGY - SCIE,"16,707",2.2,Q1,1.04,18.43%
JOURNAL OF INSECT PHYSIOLOGY,J INSECT PHYSIOL,0022-1910,1879-1611,ENTOMOLOGY - SCIE,"9,472",2.2,Q1,1.01,12.54%
EXPERIMENTAL AND APPLIED ACAROLOGY,EXP APPL ACAROL,0168-8162,1572-9702,ENTOMOLOGY - SCIE,"4,901",2.2,Q1,0.95,22.64%
ECOLOGICAL ENTOMOLOGY,ECOL ENTOMOL,0307-6946,1365-2311,ENTOMOLOGY - SCIE,"4,905",2.2,Q1,0.91,17.38%
INVERTEBRATE SYSTEMATICS,INVERTEBR SYST,1445-5226,1447-2600,EVOLUTIONARY BIOLOGY - SCIE,"1,215",2.2,Q3,0.87,9.32%
JOURNAL OF INSECT SCIENCE,J INSECT SCI,N/A,1536-2442,ENTOMOLOGY - SCIE,"3,878",2.2,Q1,0.87,92.66%
BMC Ecology and Evolution,BMC ECOL EVOL,N/A,2730-7182,ECOLOGY - SCIE,562,2.2,Q3,0.66,99.72%
BMC Ecology and Evolution,BMC ECOL EVOL,N/A,2730-7182,EVOLUTIONARY BIOLOGY - SCIE,562,2.2,Q3,0.66,99.72%
JOURNAL OF EXPERIMENTAL ZOOLOGY PART B-MOLECULAR AND DEVELOPMENTAL EVOLUTION,J EXP ZOOL PART B,1552-5007,1552-5015,EVOLUTIONARY BIOLOGY - SCIE,"1,736",2.2,Q3,0.65,16.15%
ARCHIVES OF INSECT BIOCHEMISTRY AND PHYSIOLOGY,ARCH INSECT BIOCHEM,0739-4462,1520-6327,ENTOMOLOGY - SCIE,"2,497",2.2,Q1,0.56,3.68%
TURKISH JOURNAL OF BIOLOGY,TURK J BIOL,1300-0152,1303-6092,BIOLOGY - SCIE,"1,718",2.2,Q3,0.52,92%
WEB ECOLOGY,WEB ECOL,2193-3081,1399-1183,ECOLOGY - SCIE,216,2.2,Q3,0.5,96.55%
REVISTA CHILENA DE HISTORIA NATURAL,REV CHIL HIST NAT,0716-078X,0717-6317,ECOLOGY - SCIE,"1,302",2.2,Q3,0.45,100%
Open Life Sciences,OPEN LIFE SCI,2391-5412,2391-5412,BIOLOGY - SCIE,"1,003",2.2,Q3,0.43,94.16%
JOURNAL OF MEDICAL ENTOMOLOGY,J MED ENTOMOL,0022-2585,1938-2928,ENTOMOLOGY - SCIE,"10,642",2.1,Q2,1.18,16.36%
Regional Studies in Marine Science,REG STUD MAR SCI,2352-4855,2352-4855,ECOLOGY - SCIE,"3,598",2.1,Q3,0.61,4.28%
BIOTROPICA,BIOTROPICA,0006-3606,1744-7429,ECOLOGY - SCIE,"7,075",2.1,Q3,0.58,12.68%
JOURNAL OF EVOLUTIONARY BIOLOGY,J EVOLUTION BIOL,1010-061X,1420-9101,ECOLOGY - SCIE,"9,931",2.1,Q3,0.58,29.83%
JOURNAL OF EVOLUTIONARY BIOLOGY,J EVOLUTION BIOL,1010-061X,1420-9101,EVOLUTIONARY BIOLOGY - SCIE,"9,931",2.1,Q3,0.58,29.83%
Biologia Futura,BIOL FUTURA,2676-8615,2676-8607,BIOLOGY - SCIE,273,2.1,Q3,0.36,42.65%
ARTHROPOD STRUCTURE & DEVELOPMENT,ARTHROPOD STRUCT DEV,1467-8039,1873-5495,ENTOMOLOGY - SCIE,"1,637",2,Q2,0.89,13.25%
EUROPEAN JOURNAL OF WILDLIFE RESEARCH,EUR J WILDLIFE RES,1612-4642,1439-0574,ECOLOGY - SCIE,"2,951",2,Q3,0.77,30.77%
JOURNAL OF EXPERIMENTAL MARINE BIOLOGY AND ECOLOGY,J EXP MAR BIOL ECOL,0022-0981,1879-1697,ECOLOGY - SCIE,"14,885",2,Q3,0.68,11.82%
JOURNAL OF THEORETICAL BIOLOGY,J THEOR BIOL,0022-5193,1095-8541,BIOLOGY - SCIE,"21,050",2,Q3,0.64,17.17%
JOURNAL FOR NATURE CONSERVATION,J NAT CONSERV,1617-1381,1618-1093,ECOLOGY - SCIE,"2,652",2,Q3,0.57,18.92%
Landscape and Ecological Engineering,LANDSC ECOL ENG,1860-1871,1860-188X,ECOLOGY - SCIE,868,2,Q3,0.53,6.92%
COMPTES RENDUS BIOLOGIES,CR BIOL,1631-0691,1768-3238,BIOLOGY - SCIE,"2,997",2,Q3,0.52,86.08%
ECOLOGICAL RESEARCH,ECOL RES,0912-3814,1440-1703,ECOLOGY - SCIE,"4,417",2,Q3,0.52,22.03%
JOURNAL OF RADIATION RESEARCH,J RADIAT RES,0449-3060,1349-9157,BIOLOGY - SCIE,"3,576",2,Q3,0.49,91.47%
AEROBIOLOGIA,AEROBIOLOGIA,0393-5965,1573-3025,BIOLOGY - SCIE,"1,755",2,Q3,0.45,22.41%
ORIGINS OF LIFE AND EVOLUTION OF BIOSPHERES,ORIGINS LIFE EVOL B,0169-6149,1573-0875,BIOLOGY - SCIE,"1,843",2,Q3,0.44,29.27%
WETLANDS,WETLANDS,0277-5212,1943-6246,ECOLOGY - SCIE,"5,452",2,Q3,0.44,12.79%
MEDICAL AND VETERINARY ENTOMOLOGY,MED VET ENTOMOL,0269-283X,1365-2915,ENTOMOLOGY - SCIE,"3,274",1.9,Q2,1.05,12.86%
BULLETIN OF ENTOMOLOGICAL RESEARCH,B ENTOMOL RES,0007-4853,1475-2670,ENTOMOLOGY - SCIE,"4,252",1.9,Q2,0.91,12.32%
JOURNAL OF APPLIED ENTOMOLOGY,J APPL ENTOMOL,0931-2048,1439-0418,ENTOMOLOGY - SCIE,"3,900",1.9,Q2,0.83,14.41%
JOURNAL OF ZOOLOGICAL SYSTEMATICS AND EVOLUTIONARY RESEARCH,J ZOOL SYST EVOL RES,0947-5745,1439-0469,EVOLUTIONARY BIOLOGY - SCIE,"1,536",1.9,Q3,0.82,67.53%
ENTOMOLOGIA EXPERIMENTALIS ET APPLICATA,ENTOMOL EXP APPL,0013-8703,1570-7458,ENTOMOLOGY - SCIE,"5,997",1.9,Q2,0.79,11.46%
JOURNAL OF INSECT CONSERVATION,J INSECT CONSERV,1366-638X,1572-9753,ENTOMOLOGY - SCIE,"2,838",1.9,Q2,0.78,25.97%
WILDLIFE RESEARCH,WILDLIFE RES,1035-3712,1448-5494,ECOLOGY - SCIE,"3,507",1.9,Q3,0.77,28.73%
JOURNAL OF APICULTURAL RESEARCH,J APICULT RES,0021-8839,2078-6913,ENTOMOLOGY - SCIE,"3,818",1.9,Q2,0.74,6.26%
WILDLIFE BIOLOGY,WILDLIFE BIOL,0909-6396,1903-220X,ECOLOGY - SCIE,"2,010",1.9,Q3,0.69,95.32%
JOURNAL OF MATHEMATICAL BIOLOGY,J MATH BIOL,0303-6812,1432-1416,BIOLOGY - SCIE,"6,274",1.9,Q3,0.55,27.14%
BIOLOGICAL JOURNAL OF THE LINNEAN SOCIETY,BIOL J LINN SOC,0024-4066,1095-8312,EVOLUTIONARY BIOLOGY - SCIE,"9,879",1.9,Q3,0.54,7.14%
BIOMETRICS,BIOMETRICS,0006-341X,1541-0420,BIOLOGY - SCIE,"30,896",1.9,Q3,0.53,12.46%
EVOLUTIONARY ECOLOGY,EVOL ECOL,0269-7653,1573-8477,ECOLOGY - SCIE,"3,567",1.9,Q3,0.47,24.21%
EVOLUTIONARY ECOLOGY,EVOL ECOL,0269-7653,1573-8477,EVOLUTIONARY BIOLOGY - SCIE,"3,567",1.9,Q3,0.47,24.21%
PLANT SYSTEMATICS AND EVOLUTION,PLANT SYST EVOL,0378-2697,1615-6110,EVOLUTIONARY BIOLOGY - SCIE,"5,046",1.9,Q3,0.46,10.20%
POLAR RESEARCH,POLAR RES-SWEDEN,0800-0395,1751-8369,ECOLOGY - SCIE,"1,770",1.9,Q3,0.45,100%
BIOELECTROMAGNETICS,BIOELECTROMAGNETICS,0197-8462,1521-186X,BIOLOGY - SCIE,"2,813",1.9,Q3,0.43,10.53%
FLORA,FLORA,0367-2530,1618-0585,ECOLOGY - SCIE,"4,007",1.9,Q3,0.36,3.92%
Arthropod Systematics & Phylogeny,ARTHROPOD SYST PHYLO,1863-7221,1864-8312,ENTOMOLOGY - SCIE,426,1.8,Q2,1,71.21%
NEOTROPICAL ENTOMOLOGY,NEOTROP ENTOMOL,1519-566X,1678-8052,ENTOMOLOGY - SCIE,"2,495",1.8,Q2,0.69,4.59%
AQUATIC ECOLOGY,AQUAT ECOL,1386-2588,1573-5125,ECOLOGY - SCIE,"2,253",1.8,Q3,0.62,12.96%
Freshwater Science,FRESHW SCI,2161-9549,2161-9565,ECOLOGY - SCIE,"2,321",1.8,Q3,0.62,16.87%
International Journal for Parasitology-Parasites and Wildlife,INT J PARASITOL-PAR,2213-2244,2213-2244,ECOLOGY - SCIE,"1,663",1.8,Q3,0.61,94.13%
Polar Science,POLAR SCI,1873-9652,1876-4428,ECOLOGY - SCIE,"1,138",1.8,Q3,0.55,14.55%
ACTA OECOLOGICA-INTERNATIONAL JOURNAL OF ECOLOGY,ACTA OECOL,1146-609X,1873-6238,ECOLOGY - SCIE,"3,430",1.8,Q3,0.49,5.18%
CHEMOECOLOGY,CHEMOECOLOGY,0937-7409,1423-0445,ECOLOGY - SCIE,"1,107",1.8,Q3,0.41,15.85%
ENVIRONMENTAL ENTOMOLOGY,ENVIRON ENTOMOL,0046-225X,1938-2936,ENTOMOLOGY - SCIE,"8,971",1.7,Q2,0.89,20.90%
JOURNAL OF VECTOR ECOLOGY,J VECTOR ECOL,1081-1710,1948-7134,ENTOMOLOGY - SCIE,"1,592",1.7,Q2,0.68,0%
ANNALS OF HUMAN BIOLOGY,ANN HUM BIOL,0301-4460,1464-5033,BIOLOGY - SCIE,"2,379",1.7,Q3,0.6,6.03%
PLANT ECOLOGY,PLANT ECOL,1385-0237,1573-5052,ECOLOGY - SCIE,"6,319",1.7,Q3,0.52,14.58%
POLAR BIOLOGY,POLAR BIOL,0722-4060,1432-2056,ECOLOGY - SCIE,"7,187",1.7,Q3,0.5,28.34%
Food Webs,FOOD WEBS,2352-2496,2352-2496,ECOLOGY - SCIE,519,1.7,Q3,0.46,9.52%
ELECTROMAGNETIC BIOLOGY AND MEDICINE,ELECTROMAGN BIOL MED,1536-8378,1536-8386,BIOLOGY - SCIE,998,1.7,Q3,0.45,6.15%
POPULATION ECOLOGY,POPUL ECOL,1438-3896,1438-390X,ECOLOGY - SCIE,"1,484",1.7,Q3,0.45,32.63%
RADIATION AND ENVIRONMENTAL BIOPHYSICS,RADIAT ENVIRON BIOPH,0301-634X,1432-2099,BIOLOGY - SCIE,"1,769",1.7,Q3,0.43,31.03%
COMMUNITY ECOLOGY,COMMUNITY ECOL,1585-8553,1588-2756,ECOLOGY - SCIE,856,1.7,Q3,0.38,15.15%
International Journal of Astrobiology,INT J ASTROBIOL,1473-5504,1475-3006,BIOLOGY - SCIE,842,1.7,Q3,0.36,25.35%
ORGANISMS DIVERSITY & EVOLUTION,ORG DIVERS EVOL,1439-6092,1618-1077,EVOLUTIONARY BIOLOGY - SCIE,"1,468",1.6,Q4,0.82,24.28%
AGRICULTURAL AND FOREST ENTOMOLOGY,AGR FOREST ENTOMOL,1461-9555,1461-9563,ENTOMOLOGY - SCIE,"1,719",1.6,Q2,0.77,18.54%
Aquatic Invasions,AQUAT INVASIONS,1798-6540,1818-5487,ECOLOGY - SCIE,"1,433",1.6,Q3,0.7,100%
Austral Entomology,AUSTRAL ENTOMOL,2052-1758,2052-174X,ENTOMOLOGY - SCIE,719,1.6,Q2,0.64,7.19%
Arthropod-Plant Interactions,ARTHROPOD-PLANT INTE,1872-8855,1872-8847,ENTOMOLOGY - SCIE,"1,605",1.6,Q2,0.61,15.84%
BIOSYSTEMS,BIOSYSTEMS,0303-2647,1872-8324,BIOLOGY - SCIE,"3,466",1.6,Q3,0.54,11.14%
BIOLOGICAL BULLETIN,BIOL BULL-US,0006-3185,1939-8697,BIOLOGY - SCIE,"4,691",1.6,Q3,0.48,3.36%
NEW ZEALAND JOURNAL OF ECOLOGY,NEW ZEAL J ECOL,0110-6465,1177-7788,ECOLOGY - SCIE,"1,344",1.6,Q3,0.47,89.53%
AUSTRALIAN SYSTEMATIC BOTANY,AUST SYST BOT,1030-1887,1446-5701,EVOLUTIONARY BIOLOGY - SCIE,868,1.6,Q4,0.44,32.14%
Theoretical Ecology,THEOR ECOL-NETH,1874-1738,1874-1746,ECOLOGY - SCIE,912,1.6,Q3,0.43,30.70%
Ecological Restoration,ECOL RESTOR,1543-4060,1543-4079,ECOLOGY - SCIE,570,1.6,Q3,0.42,9.62%
JOURNAL OF BIOLOGICAL SYSTEMS,J BIOL SYST,0218-3390,1793-6470,BIOLOGY - SCIE,595,1.6,Q3,0.4,1.82%
TROPICAL ECOLOGY,TROP ECOL,0564-3295,2661-8982,ECOLOGY - SCIE,"1,369",1.6,Q3,0.38,1.85%
Advancements in Life Sciences,ADV LIFE SCI-PAK,2310-5380,2310-5380,BIOLOGY - ESCI,310,1.6,N/A,0.37,0%
BIOCHEMICAL SYSTEMATICS AND ECOLOGY,BIOCHEM SYST ECOL,0305-1978,1873-2925,ECOLOGY - SCIE,"4,955",1.6,Q3,0.34,1.34%
BIOCHEMICAL SYSTEMATICS AND ECOLOGY,BIOCHEM SYST ECOL,0305-1978,1873-2925,EVOLUTIONARY BIOLOGY - SCIE,"4,955",1.6,Q4,0.34,1.34%
Integrative Organismal Biology,INTEGR ORGANISM BIOL,N/A,2517-4843,BIOLOGY - SCIE,373,1.5,Q3,0.8,79.63%
Integrative Organismal Biology,INTEGR ORGANISM BIOL,N/A,2517-4843,EVOLUTIONARY BIOLOGY - SCIE,373,1.5,Q4,0.8,79.63%
PHYSIOLOGICAL ENTOMOLOGY,PHYSIOL ENTOMOL,0307-6962,1365-3032,ENTOMOLOGY - SCIE,"2,055",1.5,Q2,0.79,13.70%
JOURNAL OF ASIA-PACIFIC ENTOMOLOGY,J ASIA-PAC ENTOMOL,1226-8615,1876-7990,ENTOMOLOGY - SCIE,"2,728",1.5,Q2,0.68,1.45%
INTERNATIONAL JOURNAL OF PEST MANAGEMENT,INT J PEST MANAGE,0967-0874,1366-5863,ENTOMOLOGY - SCIE,"1,541",1.5,Q2,0.63,2.80%
ECOLOGICAL MANAGEMENT & RESTORATION,ECOL MANAG RESTOR,1442-7001,1442-8903,ECOLOGY - SCIE,993,1.5,Q4,0.61,9.60%
AUSTRAL ECOLOGY,AUSTRAL ECOL,1442-9985,1442-9993,ECOLOGY - SCIE,"4,680",1.5,Q4,0.43,10.83%
PACIFIC CONSERVATION BIOLOGY,PAC CONSERV BIOL,1038-2097,2204-4604,ECOLOGY - ESCI,913,1.5,N/A,0.41,30.43%
BIOLOGIA,BIOLOGIA,0006-3088,1336-9563,BIOLOGY - SCIE,"3,850",1.5,Q3,0.39,4.83%
Theoretical Biology Forum,THEOR BIOL FORUM,2282-2593,2283-7175,BIOLOGY - SCIE,38,1.5,Q3,0.1,0%
JOURNAL OF AGRICULTURAL BIOLOGICAL AND ENVIRONMENTAL STATISTICS,J AGR BIOL ENVIR ST,1085-7117,1537-2693,BIOLOGY - SCIE,"1,490",1.4,Q4,0.57,32.77%
PHYTOPARASITICA,PHYTOPARASITICA,0334-2123,1876-7184,ENTOMOLOGY - SCIE,"2,088",1.4,Q2,0.56,4.55%
ENVIRONMENTAL BIOLOGY OF FISHES,ENVIRON BIOL FISH,0378-1909,1573-5133,ECOLOGY - SCIE,"6,117",1.4,Q4,0.5,12.76%
BIOCONTROL SCIENCE AND TECHNOLOGY,BIOCONTROL SCI TECHN,0958-3157,1360-0478,ENTOMOLOGY - SCIE,"3,156",1.4,Q2,0.47,3.56%
FLORIDA ENTOMOLOGIST,FLA ENTOMOL,0015-4040,1938-5102,ENTOMOLOGY - SCIE,"3,679",1.4,Q2,0.44,75.84%
AFRICAN JOURNAL OF RANGE & FORAGE SCIENCE,AFR J RANGE FOR SCI,1022-0119,1727-9380,ECOLOGY - SCIE,687,1.4,Q4,0.38,11.30%
PLANT SPECIES BIOLOGY,PLANT SPEC BIOL,0913-557X,1442-1984,ECOLOGY - SCIE,882,1.4,Q4,0.38,11.21%
THEORETICAL POPULATION BIOLOGY,THEOR POPUL BIOL,0040-5809,1096-0325,ECOLOGY - SCIE,"3,709",1.4,Q4,0.35,22.50%
THEORETICAL POPULATION BIOLOGY,THEOR POPUL BIOL,0040-5809,1096-0325,EVOLUTIONARY BIOLOGY - SCIE,"3,709",1.4,Q4,0.35,22.50%
AQUATIC MICROBIAL ECOLOGY,AQUAT MICROB ECOL,0948-3055,1616-1564,ECOLOGY - SCIE,"3,933",1.4,Q4,0.34,13.89%
JOURNAL OF TROPICAL ECOLOGY,J TROP ECOL,0266-4674,1469-7831,ECOLOGY - SCIE,"3,196",1.4,Q4,0.33,18.85%
Tropical Life Sciences Research,TROP LIFE SCI RES,1985-3718,2180-4249,BIOLOGY - ESCI,440,1.4,N/A,0.28,97.89%
JOURNAL OF HYMENOPTERA RESEARCH,J HYMENOPT RES,1070-9428,1314-2607,ENTOMOLOGY - SCIE,795,1.3,Q3,0.73,98.72%
INSECTES SOCIAUX,INSECT SOC,0020-1812,1420-9098,ENTOMOLOGY - SCIE,"2,609",1.3,Q3,0.67,17.14%
APPLIED ENTOMOLOGY AND ZOOLOGY,APPL ENTOMOL ZOOL,0003-6862,1347-605X,ENTOMOLOGY - SCIE,"2,407",1.3,Q3,0.56,8.28%
Persian Journal of Acarology,PERSIAN J ACAROL,N/A,2251-8169,ENTOMOLOGY - ESCI,231,1.3,N/A,0.55,0%
EUROPEAN JOURNAL OF ENTOMOLOGY,EUR J ENTOMOL,N/A,1802-8829,ENTOMOLOGY - SCIE,"2,123",1.3,Q3,0.53,97.79%
ENTOMOLOGICAL RESEARCH,ENTOMOL RES,1738-2297,1748-5967,ENTOMOLOGY - SCIE,808,1.3,Q3,0.52,2.19%
ECOSCIENCE,ECOSCIENCE,1195-6860,2376-7626,ECOLOGY - SCIE,"1,815",1.3,Q4,0.39,14.81%
JOURNAL OF FRESHWATER ECOLOGY,J FRESHWATER ECOL,0270-5060,2156-6941,ECOLOGY - SCIE,"1,287",1.3,Q4,0.36,97.80%
Bulletin of the Peabody Museum of Natural History,B PEABODY MUS NAT HI,0079-032X,2162-4135,ECOLOGY - SCIE,284,1.3,Q4,0.35,0%
Folia Oecologica,FOLIA OECOLOGICA,1336-5266,1338-7014,ECOLOGY - ESCI,166,1.3,N/A,0.34,100%
POLISH POLAR RESEARCH,POL POLAR RES,0138-0338,2081-8262,ECOLOGY - SCIE,592,1.3,Q4,0.34,0%
INSECT SYSTEMATICS & EVOLUTION,INSECT SYST EVOL,1399-560X,1876-312X,ENTOMOLOGY - SCIE,473,1.2,Q3,0.61,3.03%
INSECT SYSTEMATICS & EVOLUTION,INSECT SYST EVOL,1399-560X,1876-312X,EVOLUTIONARY BIOLOGY - SCIE,473,1.2,Q4,0.61,3.03%
BULLETIN OF INSECTOLOGY,B INSECTOL,1721-8861,2283-0332,ENTOMOLOGY - SCIE,"1,045",1.2,Q3,0.58,0%
SYSTEMATIC AND APPLIED ACAROLOGY,SYST APPL ACAROL-UK,1362-1971,2056-6069,ENTOMOLOGY - SCIE,"1,625",1.2,Q3,0.57,0%
European Journal of Taxonomy,EUR J TAXON,N/A,2118-9773,ENTOMOLOGY - SCIE,"1,126",1.2,Q3,0.56,97.26%
INTERNATIONAL JOURNAL OF TROPICAL INSECT SCIENCE,INT J TROP INSECT SC,1742-7584,1742-7592,ENTOMOLOGY - SCIE,"1,409",1.2,Q3,0.5,3.85%
RANGELAND JOURNAL,RANGELAND J,1036-9872,1834-7541,ECOLOGY - SCIE,"1,094",1.2,Q4,0.4,41.49%
BIOCELL,BIOCELL,0327-9545,1667-5746,BIOLOGY - SCIE,676,1.2,Q4,0.29,93.90%
Israel Journal of Ecology & Evolution,ISR J ECOL EVOL,1565-9801,2224-4662,ECOLOGY - SCIE,279,1.2,Q4,0.26,0%
Israel Journal of Ecology & Evolution,ISR J ECOL EVOL,1565-9801,2224-4662,EVOLUTIONARY BIOLOGY - SCIE,279,1.2,Q4,0.26,0%
ACAROLOGIA,ACAROLOGIA,0044-586X,2107-7207,ENTOMOLOGY - SCIE,"1,383",1.1,Q3,0.64,91.63%
INTERNATIONAL JOURNAL OF ACAROLOGY,INT J ACAROL,0164-7954,1945-3892,ENTOMOLOGY - SCIE,"1,292",1.1,Q3,0.51,1.54%
ANNALES ZOOLOGICI,ANN ZOOL,0003-4541,1734-1833,ENTOMOLOGY - SCIE,809,1.1,Q3,0.44,0%
JOURNAL OF BIOLOGICAL EDUCATION,J BIOL EDUC,0021-9266,2157-6009,BIOLOGY - SCIE,990,1.1,Q4,0.43,12.96%
Marine Biology Research,MAR BIOL RES,1745-1000,1745-1019,ECOLOGY - SCIE,"1,571",1.1,Q4,0.37,8.43%
MATHEMATICAL MEDICINE AND BIOLOGY-A JOURNAL OF THE IMA,MATH MED BIOL,1477-8599,1477-8602,BIOLOGY - SCIE,559,1.1,Q4,0.33,20.59%
THEORY IN BIOSCIENCES,THEOR BIOSCI,1431-7613,1611-7530,BIOLOGY - SCIE,662,1.1,Q4,0.33,31.33%
Psyche-A Journal of Entomology,PSYCHE-J ENTOMOL,0033-2615,1687-7438,ENTOMOLOGY - ESCI,325,1.1,N/A,0.32,100%
BIOLOGICAL RHYTHM RESEARCH,BIOL RHYTHM RES,0929-1016,1744-4179,BIOLOGY - SCIE,"1,299",1.1,Q4,0.29,1.99%
RUSSIAN JOURNAL OF ECOLOGY,RUSS J ECOL+,1067-4136,1608-3334,ECOLOGY - SCIE,"1,319",1.1,Q4,0.23,0%
JOURNAL OF INSECT BEHAVIOR,J INSECT BEHAV,0892-7553,1572-8889,ENTOMOLOGY - SCIE,"1,493",1,Q3,0.49,22.54%
JOURNAL OF ARACHNOLOGY,J ARACHNOL,0161-8202,1937-2396,ENTOMOLOGY - SCIE,"1,507",1,Q3,0.42,2.56%
JOURNAL OF THE AMERICAN MOSQUITO CONTROL ASSOCIATION,J AM MOSQUITO CONTR,8756-971X,1943-6270,ENTOMOLOGY - SCIE,"2,221",1,Q3,0.42,99.30%
FRAGMENTA ENTOMOLOGICA,FRAGM ENTOMOL,0429-288X,2284-4880,ENTOMOLOGY - ESCI,233,1,N/A,0.34,8.51%
PHYTOCOENOLOGIA,PHYTOCOENOLOGIA,0340-269X,2363-7153,ECOLOGY - SCIE,583,1,Q4,0.34,0%
CRYOLETTERS,CRYOLETTERS,0143-2044,1742-0644,BIOLOGY - SCIE,999,1,Q4,0.29,5.93%
SYSTEMATIC BOTANY,SYST BOT,0363-6445,1548-2324,EVOLUTIONARY BIOLOGY - SCIE,"2,999",1,Q4,0.27,2.55%
AFRICAN JOURNAL OF ECOLOGY,AFR J ECOL,0141-6707,1365-2028,ECOLOGY - SCIE,"2,600",1,Q4,0.26,9.07%
BRAZILIAN ARCHIVES OF BIOLOGY AND TECHNOLOGY,BRAZ ARCH BIOL TECHN,1516-8913,1678-4324,BIOLOGY - SCIE,"3,277",1,Q4,0.22,93.75%
Czech Polar Reports,CZECH POLAR REP,1805-0689,1805-0697,ECOLOGY - ESCI,145,1,N/A,0.2,100%
ANNALES DE LA SOCIETE ENTOMOLOGIQUE DE FRANCE,ANN SOC ENTOMOL FR,0037-9271,2168-6351,ENTOMOLOGY - SCIE,"1,533",0.9,Q3,0.55,1.10%
CANADIAN ENTOMOLOGIST,CAN ENTOMOL,0008-347X,1918-3240,ENTOMOLOGY - SCIE,"3,038",0.9,Q3,0.5,13.41%
ENTOMOLOGICAL SCIENCE,ENTOMOL SCI,1343-8786,1479-8298,ENTOMOLOGY - SCIE,993,0.9,Q3,0.42,4%
INTERNATIONAL JOURNAL OF ODONATOLOGY,INT J ODONATOL,1388-7890,2159-6719,ENTOMOLOGY - SCIE,278,0.9,Q3,0.4,98.04%
SOCIOBIOLOGY,SOCIOBIOLOGY,0361-6525,N/A,ENTOMOLOGY - SCIE,"1,303",0.9,Q3,0.35,73.65%
African Journal of Wildlife Research,AFR J WILDL RES,2410-7220,2410-8200,ECOLOGY - SCIE,148,0.9,Q4,0.33,0%
JOURNAL OF ENTOMOLOGICAL SCIENCE,J ENTOMOL SCI,0749-8004,N/A,ENTOMOLOGY - SCIE,724,0.9,Q3,0.3,0.79%
NATURAL AREAS JOURNAL,NAT AREA J,0885-8608,2162-4399,ECOLOGY - SCIE,821,0.9,Q4,0.3,0%
Neotropical Biodiversity,NEOTROP BIODIVERS,N/A,2376-6808,ECOLOGY - ESCI,188,0.9,N/A,0.26,97.64%
DEUTSCHE ENTOMOLOGISCHE ZEITSCHRIFT,DEUT ENTOMOL Z,1435-1951,1522-2403,ENTOMOLOGY - SCIE,615,0.8,Q3,0.55,100%
JOURNAL OF THE HISTORY OF BIOLOGY,J HIST BIOL,0022-5010,1573-0387,BIOLOGY - SCIE,812,0.8,Q4,0.5,27.03%
REVISTA BRASILEIRA DE ENTOMOLOGIA,REV BRAS ENTOMOL,0085-5626,1806-9665,ENTOMOLOGY - SCIE,"1,197",0.8,Q3,0.39,95.33%
AQUATIC INSECTS,AQUAT INSECT,0165-0424,1744-4152,ENTOMOLOGY - SCIE,409,0.8,Q3,0.37,1.25%
TURKIYE ENTOMOLOJI DERGISI-TURKISH JOURNAL OF ENTOMOLOGY,TURK ENTOMOL DERG-TU,1010-6960,2536-491X,ENTOMOLOGY - SCIE,556,0.8,Q3,0.36,98.48%
ACTA AMAZONICA,ACTA AMAZON,0044-5967,1809-4392,ECOLOGY - SCIE,"1,572",0.8,Q4,0.35,100%
JOURNAL OF ORTHOPTERA RESEARCH,J ORTHOPTERA RES,1082-6467,1937-2426,ENTOMOLOGY - ESCI,367,0.8,N/A,0.35,96.77%
JOURNAL OF NATURAL HISTORY,J NAT HIST,0022-2933,1464-5262,ECOLOGY - SCIE,"3,459",0.8,Q4,0.27,4.95%
AFRICAN ENTOMOLOGY,AFR ENTOMOL,1021-3589,2254-8854,ENTOMOLOGY - SCIE,927,0.8,Q3,0.26,10.46%
Biosystems Diversity,BIOSYST DIVERSITY,2519-8513,2520-2529,ECOLOGY - ESCI,209,0.8,N/A,0.26,96.45%
Asian Myrmecology,ASIAN MYRMECOL,1985-1944,N/A,ENTOMOLOGY - SCIE,90,0.8,Q3,0.24,0%
Bio-protocol,BIO-PROTOCOL,N/A,2331-8325,BIOLOGY - ESCI,"4,023",0.8,N/A,0.23,14.87%
Archives of Biological Sciences,ARCH BIOL SCI,0354-4664,1821-4339,BIOLOGY - SCIE,"1,129",0.8,Q4,0.21,100%
Contemporary Problems of Ecology,CONTEMP PROBL ECOL+,1995-4255,1995-4263,ECOLOGY - SCIE,802,0.8,Q4,0.18,0.40%
POLAR RECORD,POLAR REC,0032-2474,1475-3057,ECOLOGY - SCIE,791,0.8,Q4,0.17,43.88%
Arid Ecosystems,ARID ECOSYST,2079-0961,2079-0988,ECOLOGY - ESCI,283,0.8,N/A,0.14,0%
PROCEEDINGS OF THE ACADEMY OF NATURAL SCIENCES OF PHILADELPHIA,P ACAD NAT SCI PHILA,0097-3157,N/A,ECOLOGY - SCIE,"1,087",0.7,Q4,0.44,0%
ANTHROPOLOGICAL SCIENCE,ANTHROPOL SCI,0918-7960,1348-8570,EVOLUTIONARY BIOLOGY - SCIE,389,0.7,Q4,0.41,100%
ANNALES ZOOLOGICI FENNICI,ANN ZOOL FENN,0003-455X,1797-2450,ECOLOGY - SCIE,"1,466",0.7,Q4,0.33,0%
Alpine Entomology,ALP ENTOMOL,N/A,2535-0889,ENTOMOLOGY - ESCI,44,0.7,N/A,0.32,97.67%
NOTA LEPIDOPTEROLOGICA,NOTA LEPIDOPTEROLOGI,0342-7536,2367-5365,ENTOMOLOGY - SCIE,216,0.7,Q4,0.32,96.83%
COLEOPTERISTS BULLETIN,COLEOPTS BULL,0010-065X,1938-4394,ENTOMOLOGY - SCIE,998,0.7,Q4,0.28,0%
Ecosistemas,ECOSISTEMAS,1697-2473,N/A,ECOLOGY - ESCI,518,0.7,N/A,0.22,89.63%
Journal of Fish and Wildlife Management,J FISH WILDL MANAG,1944-687X,1944-687X,ECOLOGY - SCIE,567,0.7,Q4,0.21,97.45%
Neotropical Biology and Conservation,NEOTROP BIOL CONSERV,N/A,2236-3777,ECOLOGY - ESCI,232,0.7,N/A,0.2,92.08%
Russian Journal of Biological Invasions,RUSS J BIOL INVASION,2075-1117,2075-1125,ECOLOGY - ESCI,406,0.7,N/A,0.17,0%
APPLIED ECOLOGY AND ENVIRONMENTAL RESEARCH,APPL ECOL ENV RES,1589-1623,1785-0037,ECOLOGY - SCIE,"3,257",0.7,Q4,0.16,99.26%
FOLIA BIOLOGICA-KRAKOW,FOLIA BIOL-KRAKOW,0015-5497,1734-9168,BIOLOGY - SCIE,328,0.7,Q4,0.16,91.53%
Journal of Wildlife and Biodiversity,J WILDLIFE BIODIVERS,N/A,2588-3526,ECOLOGY - ESCI,75,0.7,N/A,0.16,0%
Tropics,TROPICS,0917-415X,1882-5729,ECOLOGY - ESCI,268,0.7,N/A,0.16,100%
JOURNAL OF APICULTURAL SCIENCE,J APIC SCI,1643-4439,2299-4831,ENTOMOLOGY - SCIE,560,0.6,Q4,0.4,100%
ACTA ENTOMOLOGICA MUSEI NATIONALIS PRAGAE,ACTA ENT MUS NAT PRA,0374-1036,1804-6487,ENTOMOLOGY - SCIE,451,0.6,Q4,0.32,0.96%
ARTHROPODA SELECTA,ARTHROPODA SEL,0136-006X,N/A,ENTOMOLOGY - SCIE,376,0.6,Q4,0.32,88.96%
ODONATOLOGICA,ODONATOLOGICA,0375-0183,0375-0183,ENTOMOLOGY - SCIE,341,0.6,Q4,0.25,0%
PROCEEDINGS OF THE ENTOMOLOGICAL SOCIETY OF WASHINGTON,P ENTOMOL SOC WASH,0013-8797,0013-8797,ENTOMOLOGY - SCIE,"1,223",0.6,Q4,0.25,0%
TRANSACTIONS OF THE AMERICAN ENTOMOLOGICAL SOCIETY,T AM ENTOMOL SOC,0002-8320,2162-3139,ENTOMOLOGY - SCIE,668,0.6,Q4,0.24,0%
Ecological Questions,ECOL QUEST,1644-7298,2083-5469,ECOLOGY - ESCI,194,0.6,N/A,0.19,77.55%
INDIAN JOURNAL OF EXPERIMENTAL BIOLOGY,INDIAN J EXP BIOL,0019-5189,0975-1009,BIOLOGY - SCIE,"3,302",0.6,Q4,0.19,11.80%
AMERICAN MIDLAND NATURALIST,AM MIDL NAT,0003-0031,1938-4238,ECOLOGY - SCIE,"3,478",0.6,Q4,0.17,0%
REVISTA DE BIOLOGIA TROPICAL,REV BIOL TROP,0034-7744,2215-2075,BIOLOGY - SCIE,"2,877",0.6,Q4,0.17,71.56%
FOLIA BIOLOGICA,FOLIA BIOL-PRAGUE,0015-5500,0015-5500,BIOLOGY - SCIE,475,0.6,Q4,0.15,0%
SOUTHEASTERN NATURALIST,SOUTHEAST NAT,1528-7092,1938-5412,ECOLOGY - SCIE,833,0.6,Q4,0.15,0%
WESTERN NORTH AMERICAN NATURALIST,WEST N AM NATURALIST,1527-0904,1944-8341,ECOLOGY - SCIE,736,0.6,Q4,0.14,0%
JOURNAL OF EVOLUTIONARY BIOCHEMISTRY AND PHYSIOLOGY,J EVOL BIOCHEM PHYS+,0022-0930,1608-3202,EVOLUTIONARY BIOLOGY - SCIE,545,0.6,Q4,0.11,1.88%
REVISTA DE LA SOCIEDAD ENTOMOLOGICA ARGENTINA,REV SOC ENTOMOL ARGE,0373-5680,1851-7471,ENTOMOLOGY - SCIE,398,0.5,Q4,0.22,73.04%
Hacquetia,HACQUETIA,1581-4661,1854-9829,ECOLOGY - ESCI,140,0.5,N/A,0.21,98.41%
ORIENTAL INSECTS,ORIENT INSECTS,0030-5316,2157-8745,ENTOMOLOGY - SCIE,441,0.5,Q4,0.21,0.72%
JAPANESE JOURNAL OF APPLIED ENTOMOLOGY AND ZOOLOGY,JPN J APPL ENTOMOL Z,0021-4914,1347-6068,ENTOMOLOGY - SCIE,366,0.5,Q4,0.2,94.12%
Journal of Biological Research-Bollettino della Societa Italiana di Biologia Sperimentale,J BIOL RES-BOLL SOC,1826-8838,2284-0230,BIOLOGY - ESCI,118,0.5,N/A,0.19,97.30%
AMERICAN BIOLOGY TEACHER,AM BIOL TEACH,0002-7685,1938-4211,BIOLOGY - SCIE,895,0.5,Q4,0.16,95.98%
JOURNAL OF THE KANSAS ENTOMOLOGICAL SOCIETY,J KANSAS ENTOMOL SOC,0022-8567,1937-2353,ENTOMOLOGY - SCIE,"1,266",0.5,Q4,0.16,0%
PROCEEDINGS OF THE BIOLOGICAL SOCIETY OF WASHINGTON,P BIOL SOC WASH,0006-324X,1943-6327,BIOLOGY - SCIE,"1,095",0.5,Q4,0.14,0%
Bioscience Journal,BIOSCI J,1981-3163,1981-3163,BIOLOGY - SCIE,"1,123",0.5,Q4,0.13,86.91%
POLISH JOURNAL OF ECOLOGY,POL J ECOL,1505-2249,N/A,ECOLOGY - SCIE,688,0.5,Q4,0.13,0%
REVISTA PERUANA DE BIOLOGIA,REV PERUANA BIOL,1561-0837,1727-9933,BIOLOGY - ESCI,243,0.5,N/A,0.13,89.76%
Theoretical and Applied Ecology,THEOR APPL ECOL,1995-4301,2618-8406,ECOLOGY - ESCI,261,0.5,N/A,0.12,0%
BIOLOGY BULLETIN,BIOL BULL+,1062-3590,1608-3059,BIOLOGY - SCIE,"1,088",0.5,Q4,0.11,2.56%
PAN-PACIFIC ENTOMOLOGIST,PAN-PAC ENTOMOL,0031-0603,2162-0237,ENTOMOLOGY - SCIE,493,0.5,Q4,0.11,0%
Revista Bio Ciencias,REV BIO CIENC,2007-3380,2007-3380,BIOLOGY - ESCI,114,0.5,N/A,0.09,90.43%
Journal of Insect Biodiversity,J INSECT BIODIVERS,2538-1318,2147-7612,ENTOMOLOGY - ESCI,100,0.4,N/A,0.21,0%
ENTOMOLOGICAL NEWS,ENTOMOL NEWS,0013-872X,2162-3236,ENTOMOLOGY - SCIE,735,0.4,Q4,0.19,0%
JOURNAL OF THE ENTOMOLOGICAL RESEARCH SOCIETY,J ENTOMOL RES SOC,N/A,2651-3579,ENTOMOLOGY - SCIE,218,0.4,Q4,0.18,0%
SOUTHWESTERN ENTOMOLOGIST,SOUTHWEST ENTOMOL,0147-1724,2162-2647,ENTOMOLOGY - SCIE,766,0.4,Q4,0.17,0%
Eco mont-Journal on Protected Mountain Areas Research,ECO MONT,2073-106X,2073-1558,ECOLOGY - SCIE,95,0.4,Q4,0.15,98.46%
NORTHWEST SCIENCE,NORTHWEST SCI,0029-344X,2161-9859,ECOLOGY - SCIE,701,0.4,Q4,0.15,0%
PROCEEDINGS OF THE LINNEAN SOCIETY OF NEW SOUTH WALES,P LINN SOC N S W,0370-047X,N/A,ECOLOGY - SCIE,653,0.4,Q4,0.13,0%
Advances in Human Biology,ADV HUM BIOL,2321-8568,2348-4691,BIOLOGY - ESCI,141,0.4,N/A,0.12,87.25%
NORTHEASTERN NATURALIST,NORTHEAST NAT,1092-6194,1938-5307,ECOLOGY - SCIE,838,0.4,Q4,0.12,0%
REVISTA COLOMBIANA DE ENTOMOLOGIA,REV COLOMB ENTOMOL,0120-0488,0120-0488,ENTOMOLOGY - SCIE,459,0.4,Q4,0.12,88.46%
ZHURNAL OBSHCHEI BIOLOGII,ZH OBSHCH BIOL,0044-4596,0044-4596,BIOLOGY - SCIE,310,0.4,Q4,0.11,0%
INTERCIENCIA,INTERCIENCIA,0378-1844,0378-1844,ECOLOGY - SCIE,"1,018",0.4,Q4,0.09,0%
Nusantara Bioscience,NUSANT BIOSCI,2087-3948,2087-3956,BIOLOGY - ESCI,206,0.4,N/A,0.08,97.78%
Revista Comunicacion,REV COMUN,0379-3974,1659-3820,BIOLOGY - ESCI,32,0.4,N/A,0.04,6.06%
AFRICAN INVERTEBRATES,AFR INVERTEBR,1681-5556,2305-2562,ENTOMOLOGY - SCIE,209,0.3,Q4,0.29,96.77%
Entomologica Americana,ENTOMOL AM-NY,1947-5136,1947-5144,ENTOMOLOGY - SCIE,109,0.3,Q4,0.28,0%
Entomology and Applied Science Letters,ENTOMOL APPL SCI LET,2349-2864,2349-2864,ENTOMOLOGY - ESCI,95,0.3,N/A,0.19,52.38%
NEW ZEALAND ENTOMOLOGIST,NZ ENTOMOL,0077-9962,1179-3430,ENTOMOLOGY - SCIE,219,0.3,Q4,0.18,4.17%
SHILAP-REVISTA DE LEPIDOPTEROLOGIA,SHILAP-REV LEPIDOPT,0300-5267,2340-4078,ENTOMOLOGY - SCIE,259,0.3,Q4,0.16,11.36%
Regulatory Mechanisms in Biosystems,REGUL MECH BIOSYST,2519-8521,2520-2588,BIOLOGY - ESCI,153,0.3,N/A,0.11,96.83%
Vestnik Tomskogo Gosudarstvennogo Universiteta-Biologiya,VESTN TOMSK GOS U BI,1998-8591,2311-2077,BIOLOGY - ESCI,80,0.3,N/A,0.1,0%
Vestnik Tomskogo Gosudarstvennogo Universiteta-Biologiya,VESTN TOMSK GOS U BI,1998-8591,2311-2077,ECOLOGY - ESCI,80,0.3,N/A,0.1,0%
International Journal of Biology and Chemistry,INT J BIOL CHEM-KAZ,2218-7979,2409-370X,BIOLOGY - ESCI,67,0.3,N/A,0.07,95.77%
NACC-Nova Acta Cientifica Compostelana Bioloxia,NACC BIOLOXIA,1130-9717,2340-0021,BIOLOGY - ESCI,6,0.3,N/A,0.05,0%
PERIODICUM BIOLOGORUM,PERIOD BIOL,0031-5362,N/A,BIOLOGY - SCIE,398,0.3,Q4,0.03,93.75%
Ideas in Ecology and Evolution,IDEAS ECOL EVOL,1918-3178,1918-3178,EVOLUTIONARY BIOLOGY - ESCI,62,0.2,N/A,0.25,100%
JOURNAL OF THE LEPIDOPTERISTS SOCIETY,J LEPID SOC,0024-0966,N/A,ENTOMOLOGY - SCIE,357,0.2,Q4,0.17,0%
Ecologia Aplicada,ECOL APL,1726-2216,1993-9507,ECOLOGY - ESCI,131,0.2,N/A,0.07,100%
Palawan Scientist,PALAWAN SCI,2467-5903,2467-5903,BIOLOGY - ESCI,18,0.2,N/A,0.07,0%
International Journal of Ecology & Development,INT J ECOL DEV,0972-9984,0973-7308,ECOLOGY - ESCI,89,0.2,N/A,0.05,0%
South of Russia-Ecology Development,S RUSS-ECOL DEV,1992-1098,2413-0958,ECOLOGY - ESCI,101,0.2,N/A,0.05,89.62%
Bulletin de la Societe Linneenne de Lyon,B SOC LINN LYON,2554-5280,N/A,BIOLOGY - SCIE,150,0.2,Q4,0.04,0%
SOUTHWESTERN NATURALIST,SOUTHWEST NAT,0038-4909,1943-6262,ECOLOGY - SCIE,"1,199",0.2,Q4,0.03,0%
University of Toronto Journal of Undergraduate Life Sciences,UNIV TOR J UNDERGRAD,1911-8899,1911-8899,BIOLOGY - ESCI,3,0.2,N/A,0.02,100%
Ciencia Amazonica,CIENC AMAZON,2221-5948,2222-7431,BIOLOGY - ESCI,12,0.1,N/A,0.02,98%
NATURAL HISTORY,NAT HIST,0028-0712,N/A,ECOLOGY - SCIE,386,0.1,Q4,0,0%
American Journal of Biological Anthropology,AM J BIOL ANTHROPOL,2692-7691,2692-7691,EVOLUTIONARY BIOLOGY - SCIE,136,N/A,N/A,0.41,19.49%
Bioscience Research,BIOSCI RES,1811-9506,2218-3973,BIOLOGY - ESCI,712,N/A,N/A,0.11,0%
,,,,,,,,,
Copyright (c) 2023 Clarivate ,,,,,,,,,
By exporting the selected data; you agree to the data usage policy set forth in the Terms of Use ,,,,,,,,,
